Method, FileNum, DataSet, Time (minutes)
TimingsLog7Zip, 0, 0, 0.012898
TimingsLog7Zip, 1, 1, 0.016542
TimingsLog7Zip, 2, 2, 0.020103
TimingsLog7Zip, 3, 3, 0.027226
TimingsLog7Zip, 4, 4, 0.088556
TimingsLog7Zip, 5, 5, 0.177580
TimingsLog7Zip, 6, 0, 0.014474
TimingsLog7Zip, 7, 1, 0.016997
TimingsLog7Zip, 8, 2, 0.019923
TimingsLog7Zip, 9, 3, 0.026000
TimingsLog7Zip, 10, 4, 0.089588
TimingsLog7Zip, 11, 5, 0.180609
TimingsLog7Zip, 12, 0, 0.016495
TimingsLog7Zip, 13, 1, 0.020048
TimingsLog7Zip, 14, 2, 0.022848
TimingsLog7Zip, 15, 3, 0.029408
TimingsLog7Zip, 16, 4, 0.090588
TimingsLog7Zip, 17, 5, 0.180681
TimingsLog7Zip, 18, 0, 0.017189
TimingsLog7Zip, 19, 1, 0.020855
TimingsLog7Zip, 20, 2, 0.023437
TimingsLog7Zip, 21, 3, 0.028619
TimingsLog7Zip, 22, 4, 0.092024
TimingsLog7Zip, 23, 5, 0.180976
TimingsLog7Zip, 24, 0, 0.017620
TimingsLog7Zip, 25, 1, 0.020758
TimingsLog7Zip, 26, 2, 0.023238
TimingsLog7Zip, 27, 3, 0.029097
TimingsLog7Zip, 28, 4, 0.092757
TimingsLog7Zip, 29, 5, 0.185153
TimingsLog7Zip, 30, 0, 0.018777
TimingsLog7Zip, 31, 1, 0.023352
TimingsLog7Zip, 32, 2, 0.027021
TimingsLog7Zip, 33, 3, 0.035246
TimingsLog7Zip, 34, 4, 0.103733
TimingsLog7Zip, 35, 5, 0.190846
TimingsLog7Zip, 36, 0, 0.019277
TimingsLog7Zip, 37, 1, 0.023744
TimingsLog7Zip, 38, 2, 0.027306
TimingsLog7Zip, 39, 3, 0.034066
TimingsLog7Zip, 40, 4, 0.096045
TimingsLog7Zip, 41, 5, 0.183650
TimingsLog7Zip, 42, 0, 0.020026
TimingsLog7Zip, 43, 1, 0.024309
TimingsLog7Zip, 44, 2, 0.027284
TimingsLog7Zip, 45, 3, 0.034061
TimingsLog7Zip, 46, 4, 0.094391
TimingsLog7Zip, 47, 5, 0.185554
TimingsLog7Zip, 48, 0, 0.020729
TimingsLog7Zip, 49, 1, 0.025296
TimingsLog7Zip, 50, 2, 0.027817
TimingsLog7Zip, 51, 3, 0.033580
TimingsLog7Zip, 52, 4, 0.095654
TimingsLog7Zip, 53, 5, 0.187829
TimingsLog7Zip, 54, 0, 0.021786
TimingsLog7Zip, 55, 1, 0.025614
TimingsLog7Zip, 56, 2, 0.027951
TimingsLog7Zip, 57, 3, 0.033945
TimingsLog7Zip, 58, 4, 0.096437
TimingsLog7Zip, 59, 5, 0.187804
TimingsLog7Zip, 60, 0, 0.023003
TimingsLog7Zip, 61, 1, 0.027112
TimingsLog7Zip, 62, 2, 0.032087
TimingsLog7Zip, 63, 3, 0.038760
TimingsLog7Zip, 64, 4, 0.102511
TimingsLog7Zip, 65, 5, 0.187397
TimingsLog7Zip, 66, 0, 0.024198
TimingsLog7Zip, 67, 1, 0.027294
TimingsLog7Zip, 68, 2, 0.029918
TimingsLog7Zip, 69, 3, 0.036557
TimingsLog7Zip, 70, 4, 0.098711
TimingsLog7Zip, 71, 5, 0.188653
TimingsLog7Zip, 72, 0, 0.024316
TimingsLog7Zip, 73, 1, 0.027725
TimingsLog7Zip, 74, 2, 0.029585
TimingsLog7Zip, 75, 3, 0.038005
TimingsLog7Zip, 76, 4, 0.098365
TimingsLog7Zip, 77, 5, 0.190362
TimingsLog7Zip, 78, 0, 0.025199
TimingsLog7Zip, 79, 1, 0.028322
TimingsLog7Zip, 80, 2, 0.030504
TimingsLog7Zip, 81, 3, 0.035722
TimingsLog7Zip, 82, 4, 0.100110
TimingsLog7Zip, 83, 5, 0.192040
TimingsLog7Zip, 84, 0, 0.025824
TimingsLog7Zip, 85, 1, 0.029437
TimingsLog7Zip, 86, 2, 0.030813
TimingsLog7Zip, 87, 3, 0.037326
TimingsLog7Zip, 88, 4, 0.101309
TimingsLog7Zip, 89, 5, 0.192477
TimingsLog7Zip, 90, 0, 0.026575
TimingsLog7Zip, 91, 1, 0.029969
TimingsLog7Zip, 92, 2, 0.032676
TimingsLog7Zip, 93, 3, 0.037846
TimingsLog7Zip, 94, 4, 0.101991
TimingsLog7Zip, 95, 5, 0.193685
TimingsLog7Zip, 96, 0, 0.027001
TimingsLog7Zip, 97, 1, 0.031060
TimingsLog7Zip, 98, 2, 0.033376
TimingsLog7Zip, 99, 3, 0.038645
TimingsLog7Zip, 100, 4, 0.102677
TimingsLog7Zip, 101, 5, 0.193997
TimingsLog7Zip, 102, 0, 0.028113
TimingsLog7Zip, 103, 1, 0.030740
TimingsLog7Zip, 104, 2, 0.033436
TimingsLog7Zip, 105, 3, 0.039151
TimingsLog7Zip, 106, 4, 0.102616
TimingsLog7Zip, 107, 5, 0.194461
TimingsLog7Zip, 108, 0, 0.029157
TimingsLog7Zip, 109, 1, 0.032439
TimingsLog7Zip, 110, 2, 0.035162
TimingsLog7Zip, 111, 3, 0.040628
TimingsLog7Zip, 112, 4, 0.103967
TimingsLog7Zip, 113, 5, 0.195055
TimingsLog7Zip, 114, 0, 0.029708
TimingsLog7Zip, 115, 1, 0.032660
TimingsLog7Zip, 116, 2, 0.035756
TimingsLog7Zip, 117, 3, 0.041601
TimingsLog7Zip, 118, 4, 0.105135
TimingsLog7Zip, 119, 5, 0.196592
TimingsLog7Zip, 120, 0, 0.030559
TimingsLog7Zip, 121, 1, 0.034795
TimingsLog7Zip, 122, 2, 0.038756
TimingsLog7Zip, 123, 3, 0.046013
TimingsLog7Zip, 124, 4, 0.110405
TimingsLog7Zip, 125, 5, 0.195248
TimingsLog7Zip, 126, 0, 0.031331
TimingsLog7Zip, 127, 1, 0.034376
TimingsLog7Zip, 128, 2, 0.036570
TimingsLog7Zip, 129, 3, 0.041969
TimingsLog7Zip, 130, 4, 0.106057
TimingsLog7Zip, 131, 5, 0.198035
TimingsLog7Zip, 132, 0, 0.032251
TimingsLog7Zip, 133, 1, 0.036455
TimingsLog7Zip, 134, 2, 0.040034
TimingsLog7Zip, 135, 3, 0.046072
TimingsLog7Zip, 136, 4, 0.108075
TimingsLog7Zip, 137, 5, 0.196676
TimingsLog7Zip, 138, 0, 0.033082
TimingsLog7Zip, 139, 1, 0.037890
TimingsLog7Zip, 140, 2, 0.041502
TimingsLog7Zip, 141, 3, 0.049494
TimingsLog7Zip, 142, 4, 0.118068
TimingsLog7Zip, 143, 5, 0.203783
TimingsLog7Zip, 144, 0, 0.034685
TimingsLog7Zip, 145, 1, 0.038242
TimingsLog7Zip, 146, 2, 0.041831
TimingsLog7Zip, 147, 3, 0.047895
TimingsLog7Zip, 148, 4, 0.109120
TimingsLog7Zip, 149, 5, 0.201938
TimingsLog7Zip, 150, 0, 0.034871
TimingsLog7Zip, 151, 1, 0.036989
TimingsLog7Zip, 152, 2, 0.039267
TimingsLog7Zip, 153, 3, 0.045404
TimingsLog7Zip, 154, 4, 0.109292
TimingsLog7Zip, 155, 5, 0.201085
TimingsLog7Zip, 156, 0, 0.035532
TimingsLog7Zip, 157, 1, 0.039943
TimingsLog7Zip, 158, 2, 0.043890
TimingsLog7Zip, 159, 3, 0.050800
TimingsLog7Zip, 160, 4, 0.112987
TimingsLog7Zip, 161, 5, 0.199391
TimingsLog7Zip, 162, 0, 0.036186
TimingsLog7Zip, 163, 1, 0.040545
TimingsLog7Zip, 164, 2, 0.044812
TimingsLog7Zip, 165, 3, 0.051015
TimingsLog7Zip, 166, 4, 0.114132
TimingsLog7Zip, 167, 5, 0.200089
TimingsLog7Zip, 168, 0, 0.036996
TimingsLog7Zip, 169, 1, 0.039684
TimingsLog7Zip, 170, 2, 0.042005
TimingsLog7Zip, 171, 3, 0.049484
TimingsLog7Zip, 172, 4, 0.113116
TimingsLog7Zip, 173, 5, 0.207327
TimingsLog7Zip, 174, 0, 0.037850
TimingsLog7Zip, 175, 1, 0.041681
TimingsLog7Zip, 176, 2, 0.045580
TimingsLog7Zip, 177, 3, 0.050984
TimingsLog7Zip, 178, 4, 0.112211
TimingsLog7Zip, 179, 5, 0.203349
TimingsLog7Zip, 180, 0, 0.038958
TimingsLog7Zip, 181, 1, 0.042962
TimingsLog7Zip, 182, 2, 0.045272
TimingsLog7Zip, 183, 3, 0.051835
TimingsLog7Zip, 184, 4, 0.113393
TimingsLog7Zip, 185, 5, 0.206140
TimingsLog7Zip, 186, 0, 0.040032
TimingsLog7Zip, 187, 1, 0.043318
TimingsLog7Zip, 188, 2, 0.046577
TimingsLog7Zip, 189, 3, 0.052811
TimingsLog7Zip, 190, 4, 0.114813
TimingsLog7Zip, 191, 5, 0.204768
TimingsLog7Zip, 192, 0, 0.040119
TimingsLog7Zip, 193, 1, 0.043477
TimingsLog7Zip, 194, 2, 0.045338
TimingsLog7Zip, 195, 3, 0.051251
TimingsLog7Zip, 196, 4, 0.114719
TimingsLog7Zip, 197, 5, 0.207450
TimingsLog7Zip, 198, 0, 0.041594
TimingsLog7Zip, 199, 1, 0.045044
TimingsLog7Zip, 200, 2, 0.049649
TimingsLog7Zip, 201, 3, 0.056910
TimingsLog7Zip, 202, 4, 0.116763
TimingsLog7Zip, 203, 5, 0.205957
TimingsLog7Zip, 204, 0, 0.041958
TimingsLog7Zip, 205, 1, 0.045754
TimingsLog7Zip, 206, 2, 0.047282
TimingsLog7Zip, 207, 3, 0.053594
TimingsLog7Zip, 208, 4, 0.117002
TimingsLog7Zip, 209, 5, 0.208919
TimingsLog7Zip, 210, 0, 0.043080
TimingsLog7Zip, 211, 1, 0.045939
TimingsLog7Zip, 212, 2, 0.048248
TimingsLog7Zip, 213, 3, 0.053974
TimingsLog7Zip, 214, 4, 0.117427
TimingsLog7Zip, 215, 5, 0.209795
TimingsLog7Zip, 216, 0, 0.043889
TimingsLog7Zip, 217, 1, 0.047728
TimingsLog7Zip, 218, 2, 0.050699
TimingsLog7Zip, 219, 3, 0.057748
TimingsLog7Zip, 220, 4, 0.118424
TimingsLog7Zip, 221, 5, 0.208787
TimingsLog7Zip, 222, 0, 0.044643
TimingsLog7Zip, 223, 1, 0.047819
TimingsLog7Zip, 224, 2, 0.049924
TimingsLog7Zip, 225, 3, 0.057522
TimingsLog7Zip, 226, 4, 0.119489
TimingsLog7Zip, 227, 5, 0.211335
TimingsLog7Zip, 228, 0, 0.045702
TimingsLog7Zip, 229, 1, 0.047781
TimingsLog7Zip, 230, 2, 0.050489
TimingsLog7Zip, 231, 3, 0.056382
TimingsLog7Zip, 232, 4, 0.120403
TimingsLog7Zip, 233, 5, 0.212510
TimingsLog7Zip, 234, 0, 0.046286
TimingsLog7Zip, 235, 1, 0.048857
TimingsLog7Zip, 236, 2, 0.051822
TimingsLog7Zip, 237, 3, 0.057705
TimingsLog7Zip, 238, 4, 0.120812
TimingsLog7Zip, 239, 5, 0.213180
TimingsLog7Zip, 240, 0, 0.047722
TimingsLog7Zip, 241, 1, 0.050211
TimingsLog7Zip, 242, 2, 0.052470
TimingsLog7Zip, 243, 3, 0.058374
TimingsLog7Zip, 244, 4, 0.121719
TimingsLog7Zip, 245, 5, 0.214544
TimingsLog7Zip, 246, 0, 0.048005
TimingsLog7Zip, 247, 1, 0.051944
TimingsLog7Zip, 248, 2, 0.055626
TimingsLog7Zip, 249, 3, 0.062193
TimingsLog7Zip, 250, 4, 0.123074
TimingsLog7Zip, 251, 5, 0.213768
TimingsLog7Zip, 252, 0, 0.049205
TimingsLog7Zip, 253, 1, 0.052929
TimingsLog7Zip, 254, 2, 0.054536
TimingsLog7Zip, 255, 3, 0.059964
TimingsLog7Zip, 256, 4, 0.123213
TimingsLog7Zip, 257, 5, 0.215714
TimingsLog7Zip, 258, 0, 0.050621
TimingsLog7Zip, 259, 1, 0.053089
TimingsLog7Zip, 260, 2, 0.055673
TimingsLog7Zip, 261, 3, 0.061062
TimingsLog7Zip, 262, 4, 0.124357
TimingsLog7Zip, 263, 5, 0.220945
TimingsLog7Zip, 264, 0, 0.051061
TimingsLog7Zip, 265, 1, 0.055674
TimingsLog7Zip, 266, 2, 0.059147
TimingsLog7Zip, 267, 3, 0.067870
TimingsLog7Zip, 268, 4, 0.132911
TimingsLog7Zip, 269, 5, 0.219148
TimingsLog7Zip, 270, 0, 0.052387
TimingsLog7Zip, 271, 1, 0.055517
TimingsLog7Zip, 272, 2, 0.058411
TimingsLog7Zip, 273, 3, 0.063390
TimingsLog7Zip, 274, 4, 0.126154
TimingsLog7Zip, 275, 5, 0.218180
TimingsLog7Zip, 276, 0, 0.053665
TimingsLog7Zip, 277, 1, 0.056716
TimingsLog7Zip, 278, 2, 0.061363
TimingsLog7Zip, 279, 3, 0.065822
TimingsLog7Zip, 280, 4, 0.127068
TimingsLog7Zip, 281, 5, 0.218178
TimingsLog7Zip, 282, 0, 0.054316
TimingsLog7Zip, 283, 1, 0.058523
TimingsLog7Zip, 284, 2, 0.062141
TimingsLog7Zip, 285, 3, 0.069411
TimingsLog7Zip, 286, 4, 0.132975
TimingsLog7Zip, 287, 5, 0.220643
TimingsLog7Zip, 288, 0, 0.055951
TimingsLog7Zip, 289, 1, 0.059426
TimingsLog7Zip, 290, 2, 0.062948
TimingsLog7Zip, 291, 3, 0.070033
TimingsLog7Zip, 292, 4, 0.133882
TimingsLog7Zip, 293, 5, 0.218574
TimingsLog7Zip, 294, 0, 0.056265
TimingsLog7Zip, 295, 1, 0.060276
TimingsLog7Zip, 296, 2, 0.063954
TimingsLog7Zip, 297, 3, 0.071340
TimingsLog7Zip, 298, 4, 0.133965
TimingsLog7Zip, 299, 5, 0.222366
TimingsLogBatch, 0, 0, 0.412800
TimingsLogBatch, 1, 1, 0.448777
TimingsLogBatch, 2, 2, 0.487498
TimingsLogBatch, 3, 3, 0.583893
TimingsLogBatch, 4, 4, 1.526785
TimingsLogBatch, 5, 5, 2.870574
TimingsLogBatch, 6, 0, 0.414058
TimingsLogBatch, 7, 1, 0.448532
TimingsLogBatch, 8, 2, 0.487395
TimingsLogBatch, 9, 3, 0.565766
TimingsLogBatch, 10, 4, 1.395419
TimingsLogBatch, 11, 5, 2.569465
TimingsLogBatch, 12, 0, 0.437640
TimingsLogBatch, 13, 1, 0.489788
TimingsLogBatch, 14, 2, 0.521301
TimingsLogBatch, 15, 3, 0.591816
TimingsLogBatch, 16, 4, 1.408054
TimingsLogBatch, 17, 5, 2.612597
TimingsLogBatch, 18, 0, 0.437549
TimingsLogBatch, 19, 1, 0.492525
TimingsLogBatch, 20, 2, 0.519430
TimingsLogBatch, 21, 3, 0.585723
TimingsLogBatch, 22, 4, 1.356272
TimingsLogBatch, 23, 5, 2.487689
TimingsLogBatch, 24, 0, 0.429173
TimingsLogBatch, 25, 1, 0.489998
TimingsLogBatch, 26, 2, 0.517281
TimingsLogBatch, 27, 3, 0.582066
TimingsLogBatch, 28, 4, 1.279497
TimingsLogBatch, 29, 5, 2.319808
TimingsLogBatch, 30, 0, 0.458563
TimingsLogBatch, 31, 1, 0.505143
TimingsLogBatch, 32, 2, 0.542448
TimingsLogBatch, 33, 3, 0.634259
TimingsLogBatch, 34, 4, 1.613924
TimingsLogBatch, 35, 5, 3.050393
TimingsLogBatch, 36, 0, 0.455252
TimingsLogBatch, 37, 1, 0.504826
TimingsLogBatch, 38, 2, 0.540088
TimingsLogBatch, 39, 3, 0.619966
TimingsLogBatch, 40, 4, 1.521048
TimingsLogBatch, 41, 5, 2.854497
TimingsLogBatch, 42, 0, 0.456696
TimingsLogBatch, 43, 1, 0.505316
TimingsLogBatch, 44, 2, 0.538983
TimingsLogBatch, 45, 3, 0.613466
TimingsLogBatch, 46, 4, 1.446795
TimingsLogBatch, 47, 5, 2.724147
TimingsLogBatch, 48, 0, 0.445488
TimingsLogBatch, 49, 1, 0.508514
TimingsLogBatch, 50, 2, 0.540226
TimingsLogBatch, 51, 3, 0.606879
TimingsLogBatch, 52, 4, 1.389668
TimingsLogBatch, 53, 5, 2.551625
TimingsLogBatch, 54, 0, 0.458211
TimingsLogBatch, 55, 1, 0.510526
TimingsLogBatch, 56, 2, 0.540167
TimingsLogBatch, 57, 3, 0.607642
TimingsLogBatch, 58, 4, 1.379377
TimingsLogBatch, 59, 5, 2.536376
TimingsLogBatch, 60, 0, 0.471674
TimingsLogBatch, 61, 1, 0.521976
TimingsLogBatch, 62, 2, 0.562072
TimingsLogBatch, 63, 3, 0.643998
TimingsLogBatch, 64, 4, 1.565679
TimingsLogBatch, 65, 5, 2.903332
TimingsLogBatch, 66, 0, 0.463610
TimingsLogBatch, 67, 1, 0.519077
TimingsLogBatch, 68, 2, 0.550095
TimingsLogBatch, 69, 3, 0.624289
TimingsLogBatch, 70, 4, 1.446776
TimingsLogBatch, 71, 5, 2.693352
TimingsLogBatch, 72, 0, 0.453319
TimingsLogBatch, 73, 1, 0.517526
TimingsLogBatch, 74, 2, 0.544313
TimingsLogBatch, 75, 3, 0.607017
TimingsLogBatch, 76, 4, 1.326605
TimingsLogBatch, 77, 5, 2.403717
TimingsLogBatch, 78, 0, 0.457380
TimingsLogBatch, 79, 1, 0.519209
TimingsLogBatch, 80, 2, 0.547762
TimingsLogBatch, 81, 3, 0.607268
TimingsLogBatch, 82, 4, 1.284189
TimingsLogBatch, 83, 5, 2.298758
TimingsLogBatch, 84, 0, 0.461829
TimingsLogBatch, 85, 1, 0.524519
TimingsLogBatch, 86, 2, 0.546285
TimingsLogBatch, 87, 3, 0.614329
TimingsLogBatch, 88, 4, 1.298656
TimingsLogBatch, 89, 5, 2.335576
TimingsLogBatch, 90, 0, 0.459279
TimingsLogBatch, 91, 1, 0.528724
TimingsLogBatch, 92, 2, 0.551597
TimingsLogBatch, 93, 3, 0.607899
TimingsLogBatch, 94, 4, 1.256690
TimingsLogBatch, 95, 5, 2.226641
TimingsLogBatch, 96, 0, 0.467732
TimingsLogBatch, 97, 1, 0.533287
TimingsLogBatch, 98, 2, 0.556244
TimingsLogBatch, 99, 3, 0.614076
TimingsLogBatch, 100, 4, 1.276628
TimingsLogBatch, 101, 5, 2.278067
TimingsLogBatch, 102, 0, 0.476681
TimingsLogBatch, 103, 1, 0.533067
TimingsLogBatch, 104, 2, 0.557565
TimingsLogBatch, 105, 3, 0.617221
TimingsLogBatch, 106, 4, 1.300848
TimingsLogBatch, 107, 5, 2.321602
TimingsLogBatch, 108, 0, 0.488941
TimingsLogBatch, 109, 1, 0.538385
TimingsLogBatch, 110, 2, 0.567339
TimingsLogBatch, 111, 3, 0.634306
TimingsLogBatch, 112, 4, 1.403863
TimingsLogBatch, 113, 5, 2.568722
TimingsLogBatch, 114, 0, 0.472755
TimingsLogBatch, 115, 1, 0.541701
TimingsLogBatch, 116, 2, 0.567542
TimingsLogBatch, 117, 3, 0.625477
TimingsLogBatch, 118, 4, 1.281621
TimingsLogBatch, 119, 5, 2.278386
TimingsLogBatch, 120, 0, 0.499579
TimingsLogBatch, 121, 1, 0.550521
TimingsLogBatch, 122, 2, 0.585253
TimingsLogBatch, 123, 3, 0.669063
TimingsLogBatch, 124, 4, 1.609075
TimingsLogBatch, 125, 5, 2.972295
TimingsLogBatch, 126, 0, 0.483660
TimingsLogBatch, 127, 1, 0.546133
TimingsLogBatch, 128, 2, 0.572518
TimingsLogBatch, 129, 3, 0.633532
TimingsLogBatch, 130, 4, 1.342447
TimingsLogBatch, 131, 5, 2.420876
TimingsLogBatch, 132, 0, 0.503144
TimingsLogBatch, 133, 1, 0.559240
TimingsLogBatch, 134, 2, 0.592607
TimingsLogBatch, 135, 3, 0.669310
TimingsLogBatch, 136, 4, 1.510150
TimingsLogBatch, 137, 5, 2.769746
TimingsLogBatch, 138, 0, 0.516187
TimingsLogBatch, 139, 1, 0.563962
TimingsLogBatch, 140, 2, 0.604305
TimingsLogBatch, 141, 3, 0.693169
TimingsLogBatch, 142, 4, 1.658455
TimingsLogBatch, 143, 5, 3.096051
TimingsLogBatch, 144, 0, 0.513069
TimingsLogBatch, 145, 1, 0.564828
TimingsLogBatch, 146, 2, 0.596738
TimingsLogBatch, 147, 3, 0.673280
TimingsLogBatch, 148, 4, 1.519522
TimingsLogBatch, 149, 5, 2.762692
TimingsLogBatch, 150, 0, 0.488061
TimingsLogBatch, 151, 1, 0.555833
TimingsLogBatch, 152, 2, 0.581391
TimingsLogBatch, 153, 3, 0.641421
TimingsLogBatch, 154, 4, 1.279916
TimingsLogBatch, 155, 5, 2.256116
TimingsLogBatch, 156, 0, 0.520013
TimingsLogBatch, 157, 1, 0.572781
TimingsLogBatch, 158, 2, 0.610497
TimingsLogBatch, 159, 3, 0.689308
TimingsLogBatch, 160, 4, 1.589695
TimingsLogBatch, 161, 5, 2.931043
TimingsLogBatch, 162, 0, 0.523134
TimingsLogBatch, 163, 1, 0.576239
TimingsLogBatch, 164, 2, 0.611632
TimingsLogBatch, 165, 3, 0.690813
TimingsLogBatch, 166, 4, 1.585478
TimingsLogBatch, 167, 5, 2.927722
TimingsLogBatch, 168, 0, 0.507772
TimingsLogBatch, 169, 1, 0.566367
TimingsLogBatch, 170, 2, 0.593584
TimingsLogBatch, 171, 3, 0.664063
TimingsLogBatch, 172, 4, 1.359556
TimingsLogBatch, 173, 5, 2.420308
TimingsLogBatch, 174, 0, 0.522534
TimingsLogBatch, 175, 1, 0.576418
TimingsLogBatch, 176, 2, 0.608728
TimingsLogBatch, 177, 3, 0.678174
TimingsLogBatch, 178, 4, 1.492580
TimingsLogBatch, 179, 5, 2.723137
TimingsLogBatch, 180, 0, 0.524697
TimingsLogBatch, 181, 1, 0.580083
TimingsLogBatch, 182, 2, 0.610892
TimingsLogBatch, 183, 3, 0.683669
TimingsLogBatch, 184, 4, 1.510929
TimingsLogBatch, 185, 5, 2.779415
TimingsLogBatch, 186, 0, 0.533332
TimingsLogBatch, 187, 1, 0.582876
TimingsLogBatch, 188, 2, 0.615339
TimingsLogBatch, 189, 3, 0.686733
TimingsLogBatch, 190, 4, 1.516414
TimingsLogBatch, 191, 5, 2.763709
TimingsLogBatch, 192, 0, 0.507845
TimingsLogBatch, 193, 1, 0.581772
TimingsLogBatch, 194, 2, 0.604446
TimingsLogBatch, 195, 3, 0.661414
TimingsLogBatch, 196, 4, 1.301399
TimingsLogBatch, 197, 5, 2.280028
TimingsLogBatch, 198, 0, 0.538307
TimingsLogBatch, 199, 1, 0.591277
TimingsLogBatch, 200, 2, 0.627759
TimingsLogBatch, 201, 3, 0.705980
TimingsLogBatch, 202, 4, 1.572874
TimingsLogBatch, 203, 5, 2.866276
TimingsLogBatch, 204, 0, 0.533312
TimingsLogBatch, 205, 1, 0.589848
TimingsLogBatch, 206, 2, 0.615713
TimingsLogBatch, 207, 3, 0.676778
TimingsLogBatch, 208, 4, 1.382467
TimingsLogBatch, 209, 5, 2.448754
TimingsLogBatch, 210, 0, 0.526276
TimingsLogBatch, 211, 1, 0.591023
TimingsLogBatch, 212, 2, 0.616890
TimingsLogBatch, 213, 3, 0.672426
TimingsLogBatch, 214, 4, 1.321285
TimingsLogBatch, 215, 5, 2.299554
TimingsLogBatch, 216, 0, 0.546565
TimingsLogBatch, 217, 1, 0.600111
TimingsLogBatch, 218, 2, 0.632224
TimingsLogBatch, 219, 3, 0.703801
TimingsLogBatch, 220, 4, 1.506530
TimingsLogBatch, 221, 5, 2.735339
TimingsLogBatch, 222, 0, 0.540217
TimingsLogBatch, 223, 1, 0.599625
TimingsLogBatch, 224, 2, 0.626338
TimingsLogBatch, 225, 3, 0.698295
TimingsLogBatch, 226, 4, 1.400251
TimingsLogBatch, 227, 5, 2.471336
TimingsLogBatch, 228, 0, 0.530403
TimingsLogBatch, 229, 1, 0.605151
TimingsLogBatch, 230, 2, 0.633414
TimingsLogBatch, 231, 3, 0.709530
TimingsLogBatch, 232, 4, 1.445240
TimingsLogBatch, 233, 5, 2.485991
TimingsLogBatch, 234, 0, 0.536816
TimingsLogBatch, 235, 1, 0.605176
TimingsLogBatch, 236, 2, 0.631526
TimingsLogBatch, 237, 3, 0.691298
TimingsLogBatch, 238, 4, 1.371033
TimingsLogBatch, 239, 5, 2.395801
TimingsLogBatch, 240, 0, 0.553413
TimingsLogBatch, 241, 1, 0.610302
TimingsLogBatch, 242, 2, 0.632832
TimingsLogBatch, 243, 3, 0.691147
TimingsLogBatch, 244, 4, 1.342465
TimingsLogBatch, 245, 5, 2.307684
TimingsLogBatch, 246, 0, 0.565688
TimingsLogBatch, 247, 1, 0.618927
TimingsLogBatch, 248, 2, 0.652007
TimingsLogBatch, 249, 3, 0.729781
TimingsLogBatch, 250, 4, 1.596468
TimingsLogBatch, 251, 5, 2.907342
TimingsLogBatch, 252, 0, 0.553824
TimingsLogBatch, 253, 1, 0.618018
TimingsLogBatch, 254, 2, 0.641785
TimingsLogBatch, 255, 3, 0.702514
TimingsLogBatch, 256, 4, 1.393146
TimingsLogBatch, 257, 5, 2.435560
TimingsLogBatch, 258, 0, 0.559459
TimingsLogBatch, 259, 1, 0.621301
TimingsLogBatch, 260, 2, 0.645707
TimingsLogBatch, 261, 3, 0.702885
TimingsLogBatch, 262, 4, 1.388087
TimingsLogBatch, 263, 5, 2.438641
TimingsLogBatch, 264, 0, 0.582823
TimingsLogBatch, 265, 1, 0.633938
TimingsLogBatch, 266, 2, 0.668047
TimingsLogBatch, 267, 3, 0.760426
TimingsLogBatch, 268, 4, 1.707549
TimingsLogBatch, 269, 5, 3.113755
TimingsLogBatch, 270, 0, 0.571687
TimingsLogBatch, 271, 1, 0.629801
TimingsLogBatch, 272, 2, 0.656710
TimingsLogBatch, 273, 3, 0.718589
TimingsLogBatch, 274, 4, 1.438712
TimingsLogBatch, 275, 5, 2.530464
TimingsLogBatch, 276, 0, 0.581700
TimingsLogBatch, 277, 1, 0.637114
TimingsLogBatch, 278, 2, 0.670993
TimingsLogBatch, 279, 3, 0.739797
TimingsLogBatch, 280, 4, 1.556145
TimingsLogBatch, 281, 5, 2.793348
TimingsLogBatch, 282, 0, 0.595850
TimingsLogBatch, 283, 1, 0.643751
TimingsLogBatch, 284, 2, 0.679841
TimingsLogBatch, 285, 3, 0.763677
TimingsLogBatch, 286, 4, 1.694303
TimingsLogBatch, 287, 5, 3.058774
TimingsLogBatch, 288, 0, 0.597264
TimingsLogBatch, 289, 1, 0.645632
TimingsLogBatch, 290, 2, 0.682278
TimingsLogBatch, 291, 3, 0.761461
TimingsLogBatch, 292, 4, 1.674413
TimingsLogBatch, 293, 5, 3.007186
TimingsLogBatch, 294, 0, 0.602973
TimingsLogBatch, 295, 1, 0.650276
TimingsLogBatch, 296, 2, 0.684653
TimingsLogBatch, 297, 3, 0.769781
TimingsLogBatch, 298, 4, 1.691052
TimingsLogBatch, 299, 5, 3.061436
TimingsLogMfc1, 0, 0, 0.087634
TimingsLogMfc1, 1, 1, 0.092385
TimingsLogMfc1, 2, 2, 0.097747
TimingsLogMfc1, 3, 3, 0.108724
TimingsLogMfc1, 4, 4, 0.171035
TimingsLogMfc1, 5, 5, 0.244452
TimingsLogMfc1, 6, 0, 0.089255
TimingsLogMfc1, 7, 1, 0.094058
TimingsLogMfc1, 8, 2, 0.099990
TimingsLogMfc1, 9, 3, 0.108404
TimingsLogMfc1, 10, 4, 0.172296
TimingsLogMfc1, 11, 5, 0.248413
TimingsLogMfc1, 12, 0, 0.091492
TimingsLogMfc1, 13, 1, 0.096286
TimingsLogMfc1, 14, 2, 0.101933
TimingsLogMfc1, 15, 3, 0.108470
TimingsLogMfc1, 16, 4, 0.173550
TimingsLogMfc1, 17, 5, 0.250677
TimingsLogMfc1, 18, 0, 0.092541
TimingsLogMfc1, 19, 1, 0.096902
TimingsLogMfc1, 20, 2, 0.101637
TimingsLogMfc1, 21, 3, 0.111833
TimingsLogMfc1, 22, 4, 0.176469
TimingsLogMfc1, 23, 5, 0.251117
TimingsLogMfc1, 24, 0, 0.093395
TimingsLogMfc1, 25, 1, 0.096993
TimingsLogMfc1, 26, 2, 0.102339
TimingsLogMfc1, 27, 3, 0.111274
TimingsLogMfc1, 28, 4, 0.175460
TimingsLogMfc1, 29, 5, 0.253378
TimingsLogMfc1, 30, 0, 0.094190
TimingsLogMfc1, 31, 1, 0.100373
TimingsLogMfc1, 32, 2, 0.105520
TimingsLogMfc1, 33, 3, 0.116797
TimingsLogMfc1, 34, 4, 0.178036
TimingsLogMfc1, 35, 5, 0.256459
TimingsLogMfc1, 36, 0, 0.095004
TimingsLogMfc1, 37, 1, 0.099961
TimingsLogMfc1, 38, 2, 0.106494
TimingsLogMfc1, 39, 3, 0.115815
TimingsLogMfc1, 40, 4, 0.178027
TimingsLogMfc1, 41, 5, 0.256557
TimingsLogMfc1, 42, 0, 0.095709
TimingsLogMfc1, 43, 1, 0.100533
TimingsLogMfc1, 44, 2, 0.106412
TimingsLogMfc1, 45, 3, 0.115771
TimingsLogMfc1, 46, 4, 0.177838
TimingsLogMfc1, 47, 5, 0.258071
TimingsLogMfc1, 48, 0, 0.095978
TimingsLogMfc1, 49, 1, 0.101583
TimingsLogMfc1, 50, 2, 0.108553
TimingsLogMfc1, 51, 3, 0.115731
TimingsLogMfc1, 52, 4, 0.179888
TimingsLogMfc1, 53, 5, 0.255492
TimingsLogMfc1, 54, 0, 0.097214
TimingsLogMfc1, 55, 1, 0.101866
TimingsLogMfc1, 56, 2, 0.107456
TimingsLogMfc1, 57, 3, 0.116248
TimingsLogMfc1, 58, 4, 0.178750
TimingsLogMfc1, 59, 5, 0.258713
TimingsLogMfc1, 60, 0, 0.098352
TimingsLogMfc1, 61, 1, 0.103666
TimingsLogMfc1, 62, 2, 0.110206
TimingsLogMfc1, 63, 3, 0.118771
TimingsLogMfc1, 64, 4, 0.182515
TimingsLogMfc1, 65, 5, 0.260635
TimingsLogMfc1, 66, 0, 0.098828
TimingsLogMfc1, 67, 1, 0.104400
TimingsLogMfc1, 68, 2, 0.110207
TimingsLogMfc1, 69, 3, 0.119775
TimingsLogMfc1, 70, 4, 0.182567
TimingsLogMfc1, 71, 5, 0.260531
TimingsLogMfc1, 72, 0, 0.099234
TimingsLogMfc1, 73, 1, 0.104352
TimingsLogMfc1, 74, 2, 0.108770
TimingsLogMfc1, 75, 3, 0.116590
TimingsLogMfc1, 76, 4, 0.179858
TimingsLogMfc1, 77, 5, 0.260509
TimingsLogMfc1, 78, 0, 0.099842
TimingsLogMfc1, 79, 1, 0.104809
TimingsLogMfc1, 80, 2, 0.110098
TimingsLogMfc1, 81, 3, 0.117139
TimingsLogMfc1, 82, 4, 0.179081
TimingsLogMfc1, 83, 5, 0.258767
TimingsLogMfc1, 84, 0, 0.100687
TimingsLogMfc1, 85, 1, 0.106085
TimingsLogMfc1, 86, 2, 0.110401
TimingsLogMfc1, 87, 3, 0.120742
TimingsLogMfc1, 88, 4, 0.182222
TimingsLogMfc1, 89, 5, 0.258629
TimingsLogMfc1, 90, 0, 0.101361
TimingsLogMfc1, 91, 1, 0.107397
TimingsLogMfc1, 92, 2, 0.111912
TimingsLogMfc1, 93, 3, 0.118793
TimingsLogMfc1, 94, 4, 0.181805
TimingsLogMfc1, 95, 5, 0.262457
TimingsLogMfc1, 96, 0, 0.103179
TimingsLogMfc1, 97, 1, 0.108736
TimingsLogMfc1, 98, 2, 0.112860
TimingsLogMfc1, 99, 3, 0.119427
TimingsLogMfc1, 100, 4, 0.182820
TimingsLogMfc1, 101, 5, 0.262422
TimingsLogMfc1, 102, 0, 0.103007
TimingsLogMfc1, 103, 1, 0.108554
TimingsLogMfc1, 104, 2, 0.112594
TimingsLogMfc1, 105, 3, 0.121436
TimingsLogMfc1, 106, 4, 0.183976
TimingsLogMfc1, 107, 5, 0.264394
TimingsLogMfc1, 108, 0, 0.104465
TimingsLogMfc1, 109, 1, 0.109456
TimingsLogMfc1, 110, 2, 0.113258
TimingsLogMfc1, 111, 3, 0.123489
TimingsLogMfc1, 112, 4, 0.186401
TimingsLogMfc1, 113, 5, 0.267643
TimingsLogMfc1, 114, 0, 0.104729
TimingsLogMfc1, 115, 1, 0.110547
TimingsLogMfc1, 116, 2, 0.115544
TimingsLogMfc1, 117, 3, 0.123827
TimingsLogMfc1, 118, 4, 0.186682
TimingsLogMfc1, 119, 5, 0.265381
TimingsLogMfc1, 120, 0, 0.105963
TimingsLogMfc1, 121, 1, 0.112001
TimingsLogMfc1, 122, 2, 0.116120
TimingsLogMfc1, 123, 3, 0.125486
TimingsLogMfc1, 124, 4, 0.188003
TimingsLogMfc1, 125, 5, 0.266281
TimingsLogMfc1, 126, 0, 0.106530
TimingsLogMfc1, 127, 1, 0.111414
TimingsLogMfc1, 128, 2, 0.115614
TimingsLogMfc1, 129, 3, 0.124025
TimingsLogMfc1, 130, 4, 0.185947
TimingsLogMfc1, 131, 5, 0.266589
TimingsLogMfc1, 132, 0, 0.107825
TimingsLogMfc1, 133, 1, 0.113327
TimingsLogMfc1, 134, 2, 0.120117
TimingsLogMfc1, 135, 3, 0.129973
TimingsLogMfc1, 136, 4, 0.190315
TimingsLogMfc1, 137, 5, 0.267877
TimingsLogMfc1, 138, 0, 0.108794
TimingsLogMfc1, 139, 1, 0.115036
TimingsLogMfc1, 140, 2, 0.122246
TimingsLogMfc1, 141, 3, 0.131510
TimingsLogMfc1, 142, 4, 0.192145
TimingsLogMfc1, 143, 5, 0.269276
TimingsLogMfc1, 144, 0, 0.109870
TimingsLogMfc1, 145, 1, 0.114778
TimingsLogMfc1, 146, 2, 0.121295
TimingsLogMfc1, 147, 3, 0.130536
TimingsLogMfc1, 148, 4, 0.192520
TimingsLogMfc1, 149, 5, 0.270047
TimingsLogMfc1, 150, 0, 0.109257
TimingsLogMfc1, 151, 1, 0.113699
TimingsLogMfc1, 152, 2, 0.118218
TimingsLogMfc1, 153, 3, 0.126955
TimingsLogMfc1, 154, 4, 0.188719
TimingsLogMfc1, 155, 5, 0.267124
TimingsLogMfc1, 156, 0, 0.110747
TimingsLogMfc1, 157, 1, 0.116386
TimingsLogMfc1, 158, 2, 0.124280
TimingsLogMfc1, 159, 3, 0.133057
TimingsLogMfc1, 160, 4, 0.192976
TimingsLogMfc1, 161, 5, 0.270071
TimingsLogMfc1, 162, 0, 0.111457
TimingsLogMfc1, 163, 1, 0.117548
TimingsLogMfc1, 164, 2, 0.124066
TimingsLogMfc1, 165, 3, 0.133705
TimingsLogMfc1, 166, 4, 0.193872
TimingsLogMfc1, 167, 5, 0.273731
TimingsLogMfc1, 168, 0, 0.111717
TimingsLogMfc1, 169, 1, 0.115826
TimingsLogMfc1, 170, 2, 0.121170
TimingsLogMfc1, 171, 3, 0.133921
TimingsLogMfc1, 172, 4, 0.193720
TimingsLogMfc1, 173, 5, 0.273601
TimingsLogMfc1, 174, 0, 0.112525
TimingsLogMfc1, 175, 1, 0.117756
TimingsLogMfc1, 176, 2, 0.125158
TimingsLogMfc1, 177, 3, 0.132271
TimingsLogMfc1, 178, 4, 0.194276
TimingsLogMfc1, 179, 5, 0.273336
TimingsLogMfc1, 180, 0, 0.114330
TimingsLogMfc1, 181, 1, 0.119165
TimingsLogMfc1, 182, 2, 0.123045
TimingsLogMfc1, 183, 3, 0.132400
TimingsLogMfc1, 184, 4, 0.193787
TimingsLogMfc1, 185, 5, 0.278311
TimingsLogMfc1, 186, 0, 0.115843
TimingsLogMfc1, 187, 1, 0.119063
TimingsLogMfc1, 188, 2, 0.124196
TimingsLogMfc1, 189, 3, 0.133817
TimingsLogMfc1, 190, 4, 0.194829
TimingsLogMfc1, 191, 5, 0.279247
TimingsLogMfc1, 192, 0, 0.114946
TimingsLogMfc1, 193, 1, 0.119870
TimingsLogMfc1, 194, 2, 0.123428
TimingsLogMfc1, 195, 3, 0.130910
TimingsLogMfc1, 196, 4, 0.193425
TimingsLogMfc1, 197, 5, 0.274834
TimingsLogMfc1, 198, 0, 0.116555
TimingsLogMfc1, 199, 1, 0.121556
TimingsLogMfc1, 200, 2, 0.128840
TimingsLogMfc1, 201, 3, 0.136733
TimingsLogMfc1, 202, 4, 0.199657
TimingsLogMfc1, 203, 5, 0.278210
TimingsLogMfc1, 204, 0, 0.116950
TimingsLogMfc1, 205, 1, 0.121775
TimingsLogMfc1, 206, 2, 0.125834
TimingsLogMfc1, 207, 3, 0.133616
TimingsLogMfc1, 208, 4, 0.197137
TimingsLogMfc1, 209, 5, 0.278009
TimingsLogMfc1, 210, 0, 0.117758
TimingsLogMfc1, 211, 1, 0.122024
TimingsLogMfc1, 212, 2, 0.126619
TimingsLogMfc1, 213, 3, 0.134176
TimingsLogMfc1, 214, 4, 0.196597
TimingsLogMfc1, 215, 5, 0.275609
TimingsLogMfc1, 216, 0, 0.118849
TimingsLogMfc1, 217, 1, 0.123877
TimingsLogMfc1, 218, 2, 0.128588
TimingsLogMfc1, 219, 3, 0.139414
TimingsLogMfc1, 220, 4, 0.200903
TimingsLogMfc1, 221, 5, 0.279996
TimingsLogMfc1, 222, 0, 0.119561
TimingsLogMfc1, 223, 1, 0.124183
TimingsLogMfc1, 224, 2, 0.128795
TimingsLogMfc1, 225, 3, 0.140935
TimingsLogMfc1, 226, 4, 0.200739
TimingsLogMfc1, 227, 5, 0.280434
TimingsLogMfc1, 228, 0, 0.119933
TimingsLogMfc1, 229, 1, 0.124579
TimingsLogMfc1, 230, 2, 0.128739
TimingsLogMfc1, 231, 3, 0.135762
TimingsLogMfc1, 232, 4, 0.200137
TimingsLogMfc1, 233, 5, 0.277402
TimingsLogMfc1, 234, 0, 0.120816
TimingsLogMfc1, 235, 1, 0.126226
TimingsLogMfc1, 236, 2, 0.129835
TimingsLogMfc1, 237, 3, 0.137937
TimingsLogMfc1, 238, 4, 0.203261
TimingsLogMfc1, 239, 5, 0.284163
TimingsLogMfc1, 240, 0, 0.123150
TimingsLogMfc1, 241, 1, 0.126728
TimingsLogMfc1, 242, 2, 0.129957
TimingsLogMfc1, 243, 3, 0.137972
TimingsLogMfc1, 244, 4, 0.200885
TimingsLogMfc1, 245, 5, 0.281131
TimingsLogMfc1, 246, 0, 0.123676
TimingsLogMfc1, 247, 1, 0.128152
TimingsLogMfc1, 248, 2, 0.132608
TimingsLogMfc1, 249, 3, 0.142802
TimingsLogMfc1, 250, 4, 0.203915
TimingsLogMfc1, 251, 5, 0.287050
TimingsLogMfc1, 252, 0, 0.123561
TimingsLogMfc1, 253, 1, 0.128546
TimingsLogMfc1, 254, 2, 0.132541
TimingsLogMfc1, 255, 3, 0.139893
TimingsLogMfc1, 256, 4, 0.203045
TimingsLogMfc1, 257, 5, 0.284284
TimingsLogMfc1, 258, 0, 0.125456
TimingsLogMfc1, 259, 1, 0.129244
TimingsLogMfc1, 260, 2, 0.132740
TimingsLogMfc1, 261, 3, 0.139607
TimingsLogMfc1, 262, 4, 0.203921
TimingsLogMfc1, 263, 5, 0.286690
TimingsLogMfc1, 264, 0, 0.125913
TimingsLogMfc1, 265, 1, 0.131493
TimingsLogMfc1, 266, 2, 0.135237
TimingsLogMfc1, 267, 3, 0.147129
TimingsLogMfc1, 268, 4, 0.209398
TimingsLogMfc1, 269, 5, 0.291688
TimingsLogMfc1, 270, 0, 0.126124
TimingsLogMfc1, 271, 1, 0.131306
TimingsLogMfc1, 272, 2, 0.135113
TimingsLogMfc1, 273, 3, 0.142534
TimingsLogMfc1, 274, 4, 0.207842
TimingsLogMfc1, 275, 5, 0.286436
TimingsLogMfc1, 276, 0, 0.126933
TimingsLogMfc1, 277, 1, 0.132382
TimingsLogMfc1, 278, 2, 0.138692
TimingsLogMfc1, 279, 3, 0.146606
TimingsLogMfc1, 280, 4, 0.208124
TimingsLogMfc1, 281, 5, 0.289483
TimingsLogMfc1, 282, 0, 0.128626
TimingsLogMfc1, 283, 1, 0.133486
TimingsLogMfc1, 284, 2, 0.138867
TimingsLogMfc1, 285, 3, 0.148764
TimingsLogMfc1, 286, 4, 0.211753
TimingsLogMfc1, 287, 5, 0.291208
TimingsLogMfc1, 288, 0, 0.129367
TimingsLogMfc1, 289, 1, 0.133288
TimingsLogMfc1, 290, 2, 0.139915
TimingsLogMfc1, 291, 3, 0.148294
TimingsLogMfc1, 292, 4, 0.214468
TimingsLogMfc1, 293, 5, 0.292249
TimingsLogMfc1, 294, 0, 0.130476
TimingsLogMfc1, 295, 1, 0.135197
TimingsLogMfc1, 296, 2, 0.139198
TimingsLogMfc1, 297, 3, 0.149318
TimingsLogMfc1, 298, 4, 0.213091
TimingsLogMfc1, 299, 5, 0.292521
TimingsLogMfc2, 0, 0, 0.304092
TimingsLogMfc2, 1, 1, 0.318927
TimingsLogMfc2, 2, 2, 0.329227
TimingsLogMfc2, 3, 3, 0.359784
TimingsLogMfc2, 4, 4, 0.528583
TimingsLogMfc2, 5, 5, 0.713787
TimingsLogMfc2, 6, 0, 0.301445
TimingsLogMfc2, 7, 1, 0.317761
TimingsLogMfc2, 8, 2, 0.330861
TimingsLogMfc2, 9, 3, 0.354825
TimingsLogMfc2, 10, 4, 0.515332
TimingsLogMfc2, 11, 5, 0.651907
TimingsLogMfc2, 12, 0, 0.318382
TimingsLogMfc2, 13, 1, 0.350975
TimingsLogMfc2, 14, 2, 0.356601
TimingsLogMfc2, 15, 3, 0.370653
TimingsLogMfc2, 16, 4, 0.478315
TimingsLogMfc2, 17, 5, 0.606645
TimingsLogMfc2, 18, 0, 0.315900
TimingsLogMfc2, 19, 1, 0.351455
TimingsLogMfc2, 20, 2, 0.355904
TimingsLogMfc2, 21, 3, 0.367989
TimingsLogMfc2, 22, 4, 0.475854
TimingsLogMfc2, 23, 5, 0.604293
TimingsLogMfc2, 24, 0, 0.305749
TimingsLogMfc2, 25, 1, 0.350439
TimingsLogMfc2, 26, 2, 0.355944
TimingsLogMfc2, 27, 3, 0.368996
TimingsLogMfc2, 28, 4, 0.477953
TimingsLogMfc2, 29, 5, 0.603276
TimingsLogMfc2, 30, 0, 0.331293
TimingsLogMfc2, 31, 1, 0.352942
TimingsLogMfc2, 32, 2, 0.359518
TimingsLogMfc2, 33, 3, 0.373506
TimingsLogMfc2, 34, 4, 0.480793
TimingsLogMfc2, 35, 5, 0.612676
TimingsLogMfc2, 36, 0, 0.326518
TimingsLogMfc2, 37, 1, 0.353156
TimingsLogMfc2, 38, 2, 0.359173
TimingsLogMfc2, 39, 3, 0.373199
TimingsLogMfc2, 40, 4, 0.481112
TimingsLogMfc2, 41, 5, 0.612660
TimingsLogMfc2, 42, 0, 0.325777
TimingsLogMfc2, 43, 1, 0.352990
TimingsLogMfc2, 44, 2, 0.359632
TimingsLogMfc2, 45, 3, 0.373196
TimingsLogMfc2, 46, 4, 0.480267
TimingsLogMfc2, 47, 5, 0.611015
TimingsLogMfc2, 48, 0, 0.312056
TimingsLogMfc2, 49, 1, 0.354305
TimingsLogMfc2, 50, 2, 0.360130
TimingsLogMfc2, 51, 3, 0.373493
TimingsLogMfc2, 52, 4, 0.478977
TimingsLogMfc2, 53, 5, 0.608296
TimingsLogMfc2, 54, 0, 0.322444
TimingsLogMfc2, 55, 1, 0.354719
TimingsLogMfc2, 56, 2, 0.360808
TimingsLogMfc2, 57, 3, 0.373543
TimingsLogMfc2, 58, 4, 0.480232
TimingsLogMfc2, 59, 5, 0.610319
TimingsLogMfc2, 60, 0, 0.331804
TimingsLogMfc2, 61, 1, 0.358158
TimingsLogMfc2, 62, 2, 0.366565
TimingsLogMfc2, 63, 3, 0.380765
TimingsLogMfc2, 64, 4, 0.487482
TimingsLogMfc2, 65, 5, 0.614066
TimingsLogMfc2, 66, 0, 0.321784
TimingsLogMfc2, 67, 1, 0.357582
TimingsLogMfc2, 68, 2, 0.361736
TimingsLogMfc2, 69, 3, 0.376262
TimingsLogMfc2, 70, 4, 0.485688
TimingsLogMfc2, 71, 5, 0.613808
TimingsLogMfc2, 72, 0, 0.310723
TimingsLogMfc2, 73, 1, 0.356564
TimingsLogMfc2, 74, 2, 0.362365
TimingsLogMfc2, 75, 3, 0.374430
TimingsLogMfc2, 76, 4, 0.484570
TimingsLogMfc2, 77, 5, 0.610426
TimingsLogMfc2, 78, 0, 0.311738
TimingsLogMfc2, 79, 1, 0.356197
TimingsLogMfc2, 80, 2, 0.362302
TimingsLogMfc2, 81, 3, 0.372629
TimingsLogMfc2, 82, 4, 0.481126
TimingsLogMfc2, 83, 5, 0.607305
TimingsLogMfc2, 84, 0, 0.314360
TimingsLogMfc2, 85, 1, 0.359712
TimingsLogMfc2, 86, 2, 0.360996
TimingsLogMfc2, 87, 3, 0.378288
TimingsLogMfc2, 88, 4, 0.485654
TimingsLogMfc2, 89, 5, 0.610348
TimingsLogMfc2, 90, 0, 0.308806
TimingsLogMfc2, 91, 1, 0.359830
TimingsLogMfc2, 92, 2, 0.364118
TimingsLogMfc2, 93, 3, 0.376925
TimingsLogMfc2, 94, 4, 0.485505
TimingsLogMfc2, 95, 5, 0.610463
TimingsLogMfc2, 96, 0, 0.314517
TimingsLogMfc2, 97, 1, 0.361005
TimingsLogMfc2, 98, 2, 0.365490
TimingsLogMfc2, 99, 3, 0.378781
TimingsLogMfc2, 100, 4, 0.484357
TimingsLogMfc2, 101, 5, 0.613087
TimingsLogMfc2, 102, 0, 0.322963
TimingsLogMfc2, 103, 1, 0.361049
TimingsLogMfc2, 104, 2, 0.365829
TimingsLogMfc2, 105, 3, 0.377402
TimingsLogMfc2, 106, 4, 0.487836
TimingsLogMfc2, 107, 5, 0.612505
TimingsLogMfc2, 108, 0, 0.330302
TimingsLogMfc2, 109, 1, 0.361730
TimingsLogMfc2, 110, 2, 0.367776
TimingsLogMfc2, 111, 3, 0.380579
TimingsLogMfc2, 112, 4, 0.487964
TimingsLogMfc2, 113, 5, 0.620183
TimingsLogMfc2, 114, 0, 0.313264
TimingsLogMfc2, 115, 1, 0.363187
TimingsLogMfc2, 116, 2, 0.368121
TimingsLogMfc2, 117, 3, 0.379910
TimingsLogMfc2, 118, 4, 0.487556
TimingsLogMfc2, 119, 5, 0.617773
TimingsLogMfc2, 120, 0, 0.336816
TimingsLogMfc2, 121, 1, 0.363873
TimingsLogMfc2, 122, 2, 0.370133
TimingsLogMfc2, 123, 3, 0.384808
TimingsLogMfc2, 124, 4, 0.491851
TimingsLogMfc2, 125, 5, 0.622670
TimingsLogMfc2, 126, 0, 0.319444
TimingsLogMfc2, 127, 1, 0.363945
TimingsLogMfc2, 128, 2, 0.369304
TimingsLogMfc2, 129, 3, 0.381766
TimingsLogMfc2, 130, 4, 0.489358
TimingsLogMfc2, 131, 5, 0.618826
TimingsLogMfc2, 132, 0, 0.335134
TimingsLogMfc2, 133, 1, 0.369080
TimingsLogMfc2, 134, 2, 0.374277
TimingsLogMfc2, 135, 3, 0.389475
TimingsLogMfc2, 136, 4, 0.492724
TimingsLogMfc2, 137, 5, 0.622564
TimingsLogMfc2, 138, 0, 0.344969
TimingsLogMfc2, 139, 1, 0.368636
TimingsLogMfc2, 140, 2, 0.375349
TimingsLogMfc2, 141, 3, 0.390735
TimingsLogMfc2, 142, 4, 0.496445
TimingsLogMfc2, 143, 5, 0.627653
TimingsLogMfc2, 144, 0, 0.338213
TimingsLogMfc2, 145, 1, 0.370065
TimingsLogMfc2, 146, 2, 0.374245
TimingsLogMfc2, 147, 3, 0.389916
TimingsLogMfc2, 148, 4, 0.496827
TimingsLogMfc2, 149, 5, 0.624031
TimingsLogMfc2, 150, 0, 0.314230
TimingsLogMfc2, 151, 1, 0.367128
TimingsLogMfc2, 152, 2, 0.372237
TimingsLogMfc2, 153, 3, 0.385249
TimingsLogMfc2, 154, 4, 0.491464
TimingsLogMfc2, 155, 5, 0.618890
TimingsLogMfc2, 156, 0, 0.341788
TimingsLogMfc2, 157, 1, 0.371706
TimingsLogMfc2, 158, 2, 0.377496
TimingsLogMfc2, 159, 3, 0.389934
TimingsLogMfc2, 160, 4, 0.498308
TimingsLogMfc2, 161, 5, 0.628956
TimingsLogMfc2, 162, 0, 0.343108
TimingsLogMfc2, 163, 1, 0.372565
TimingsLogMfc2, 164, 2, 0.377774
TimingsLogMfc2, 165, 3, 0.390030
TimingsLogMfc2, 166, 4, 0.499469
TimingsLogMfc2, 167, 5, 0.627491
TimingsLogMfc2, 168, 0, 0.327015
TimingsLogMfc2, 169, 1, 0.369056
TimingsLogMfc2, 170, 2, 0.373265
TimingsLogMfc2, 171, 3, 0.388832
TimingsLogMfc2, 172, 4, 0.496701
TimingsLogMfc2, 173, 5, 0.625042
TimingsLogMfc2, 174, 0, 0.338359
TimingsLogMfc2, 175, 1, 0.371265
TimingsLogMfc2, 176, 2, 0.375864
TimingsLogMfc2, 177, 3, 0.390891
TimingsLogMfc2, 178, 4, 0.498752
TimingsLogMfc2, 179, 5, 0.629559
TimingsLogMfc2, 180, 0, 0.336368
TimingsLogMfc2, 181, 1, 0.372543
TimingsLogMfc2, 182, 2, 0.378918
TimingsLogMfc2, 183, 3, 0.392642
TimingsLogMfc2, 184, 4, 0.501695
TimingsLogMfc2, 185, 5, 0.629566
TimingsLogMfc2, 186, 0, 0.342250
TimingsLogMfc2, 187, 1, 0.373156
TimingsLogMfc2, 188, 2, 0.379256
TimingsLogMfc2, 189, 3, 0.392652
TimingsLogMfc2, 190, 4, 0.502380
TimingsLogMfc2, 191, 5, 0.631645
TimingsLogMfc2, 192, 0, 0.317385
TimingsLogMfc2, 193, 1, 0.374376
TimingsLogMfc2, 194, 2, 0.378796
TimingsLogMfc2, 195, 3, 0.390975
TimingsLogMfc2, 196, 4, 0.497578
TimingsLogMfc2, 197, 5, 0.626259
TimingsLogMfc2, 198, 0, 0.343671
TimingsLogMfc2, 199, 1, 0.374684
TimingsLogMfc2, 200, 2, 0.379949
TimingsLogMfc2, 201, 3, 0.396253
TimingsLogMfc2, 202, 4, 0.503966
TimingsLogMfc2, 203, 5, 0.632813
TimingsLogMfc2, 204, 0, 0.336382
TimingsLogMfc2, 205, 1, 0.374976
TimingsLogMfc2, 206, 2, 0.380909
TimingsLogMfc2, 207, 3, 0.393049
TimingsLogMfc2, 208, 4, 0.500956
TimingsLogMfc2, 209, 5, 0.628179
TimingsLogMfc2, 210, 0, 0.327247
TimingsLogMfc2, 211, 1, 0.375462
TimingsLogMfc2, 212, 2, 0.381760
TimingsLogMfc2, 213, 3, 0.392621
TimingsLogMfc2, 214, 4, 0.500866
TimingsLogMfc2, 215, 5, 0.628568
TimingsLogMfc2, 216, 0, 0.344579
TimingsLogMfc2, 217, 1, 0.377647
TimingsLogMfc2, 218, 2, 0.383147
TimingsLogMfc2, 219, 3, 0.396930
TimingsLogMfc2, 220, 4, 0.504675
TimingsLogMfc2, 221, 5, 0.634995
TimingsLogMfc2, 222, 0, 0.335888
TimingsLogMfc2, 223, 1, 0.377846
TimingsLogMfc2, 224, 2, 0.382182
TimingsLogMfc2, 225, 3, 0.399101
TimingsLogMfc2, 226, 4, 0.503670
TimingsLogMfc2, 227, 5, 0.632435
TimingsLogMfc2, 228, 0, 0.324027
TimingsLogMfc2, 229, 1, 0.377952
TimingsLogMfc2, 230, 2, 0.383617
TimingsLogMfc2, 231, 3, 0.394631
TimingsLogMfc2, 232, 4, 0.503804
TimingsLogMfc2, 233, 5, 0.630745
TimingsLogMfc2, 234, 0, 0.328283
TimingsLogMfc2, 235, 1, 0.378985
TimingsLogMfc2, 236, 2, 0.385100
TimingsLogMfc2, 237, 3, 0.397784
TimingsLogMfc2, 238, 4, 0.505846
TimingsLogMfc2, 239, 5, 0.633013
TimingsLogMfc2, 240, 0, 0.340086
TimingsLogMfc2, 241, 1, 0.381006
TimingsLogMfc2, 242, 2, 0.385191
TimingsLogMfc2, 243, 3, 0.397197
TimingsLogMfc2, 244, 4, 0.504794
TimingsLogMfc2, 245, 5, 0.633015
TimingsLogMfc2, 246, 0, 0.349620
TimingsLogMfc2, 247, 1, 0.382226
TimingsLogMfc2, 248, 2, 0.388114
TimingsLogMfc2, 249, 3, 0.403094
TimingsLogMfc2, 250, 4, 0.509484
TimingsLogMfc2, 251, 5, 0.639280
TimingsLogMfc2, 252, 0, 0.336584
TimingsLogMfc2, 253, 1, 0.382578
TimingsLogMfc2, 254, 2, 0.386493
TimingsLogMfc2, 255, 3, 0.399920
TimingsLogMfc2, 256, 4, 0.507380
TimingsLogMfc2, 257, 5, 0.636635
TimingsLogMfc2, 258, 0, 0.337838
TimingsLogMfc2, 259, 1, 0.383746
TimingsLogMfc2, 260, 2, 0.388354
TimingsLogMfc2, 261, 3, 0.400025
TimingsLogMfc2, 262, 4, 0.507997
TimingsLogMfc2, 263, 5, 0.636745
TimingsLogMfc2, 264, 0, 0.358328
TimingsLogMfc2, 265, 1, 0.385519
TimingsLogMfc2, 266, 2, 0.390753
TimingsLogMfc2, 267, 3, 0.407791
TimingsLogMfc2, 268, 4, 0.515262
TimingsLogMfc2, 269, 5, 0.644623
TimingsLogMfc2, 270, 0, 0.345824
TimingsLogMfc2, 271, 1, 0.385058
TimingsLogMfc2, 272, 2, 0.390550
TimingsLogMfc2, 273, 3, 0.404012
TimingsLogMfc2, 274, 4, 0.510448
TimingsLogMfc2, 275, 5, 0.638401
TimingsLogMfc2, 276, 0, 0.352410
TimingsLogMfc2, 277, 1, 0.386816
TimingsLogMfc2, 278, 2, 0.392682
TimingsLogMfc2, 279, 3, 0.406237
TimingsLogMfc2, 280, 4, 0.514554
TimingsLogMfc2, 281, 5, 0.645264
TimingsLogMfc2, 282, 0, 0.362913
TimingsLogMfc2, 283, 1, 0.387836
TimingsLogMfc2, 284, 2, 0.394352
TimingsLogMfc2, 285, 3, 0.408649
TimingsLogMfc2, 286, 4, 0.516529
TimingsLogMfc2, 287, 5, 0.645355
TimingsLogMfc2, 288, 0, 0.360579
TimingsLogMfc2, 289, 1, 0.388598
TimingsLogMfc2, 290, 2, 0.395125
TimingsLogMfc2, 291, 3, 0.408271
TimingsLogMfc2, 292, 4, 0.518783
TimingsLogMfc2, 293, 5, 0.647947
TimingsLogMfc2, 294, 0, 0.364152
TimingsLogMfc2, 295, 1, 0.389417
TimingsLogMfc2, 296, 2, 0.395708
TimingsLogMfc2, 297, 3, 0.410457
TimingsLogMfc2, 298, 4, 0.518229
TimingsLogMfc2, 299, 5, 0.649007
TimingsLogPpmz, 0, 0, 0.008176
TimingsLogPpmz, 1, 1, 0.020921
TimingsLogPpmz, 2, 2, 0.040420
TimingsLogPpmz, 3, 3, 0.088158
TimingsLogPpmz, 4, 4, 0.738609
TimingsLogPpmz, 5, 5, 1.734754
TimingsLogPpmz, 6, 0, 0.008882
TimingsLogPpmz, 7, 1, 0.019715
TimingsLogPpmz, 8, 2, 0.036620
TimingsLogPpmz, 9, 3, 0.076536
TimingsLogPpmz, 10, 4, 0.618202
TimingsLogPpmz, 11, 5, 1.488534
TimingsLogPpmz, 12, 0, 0.011269
TimingsLogPpmz, 13, 1, 0.022478
TimingsLogPpmz, 14, 2, 0.039918
TimingsLogPpmz, 15, 3, 0.083283
TimingsLogPpmz, 16, 4, 0.665599
TimingsLogPpmz, 17, 5, 1.574592
TimingsLogPpmz, 18, 0, 0.011917
TimingsLogPpmz, 19, 1, 0.023312
TimingsLogPpmz, 20, 2, 0.038450
TimingsLogPpmz, 21, 3, 0.077279
TimingsLogPpmz, 22, 4, 0.611925
TimingsLogPpmz, 23, 5, 1.451302
TimingsLogPpmz, 24, 0, 0.012407
TimingsLogPpmz, 25, 1, 0.021806
TimingsLogPpmz, 26, 2, 0.035759
TimingsLogPpmz, 27, 3, 0.072698
TimingsLogPpmz, 28, 4, 0.533326
TimingsLogPpmz, 29, 5, 1.278000
TimingsLogPpmz, 30, 0, 0.014301
TimingsLogPpmz, 31, 1, 0.028475
TimingsLogPpmz, 32, 2, 0.050387
TimingsLogPpmz, 33, 3, 0.108708
TimingsLogPpmz, 34, 4, 0.851360
TimingsLogPpmz, 35, 5, 1.990411
TimingsLogPpmz, 36, 0, 0.014452
TimingsLogPpmz, 37, 1, 0.027964
TimingsLogPpmz, 38, 2, 0.047113
TimingsLogPpmz, 39, 3, 0.096884
TimingsLogPpmz, 40, 4, 0.765861
TimingsLogPpmz, 41, 5, 1.801629
TimingsLogPpmz, 42, 0, 0.015182
TimingsLogPpmz, 43, 1, 0.027484
TimingsLogPpmz, 44, 2, 0.045654
TimingsLogPpmz, 45, 3, 0.090436
TimingsLogPpmz, 46, 4, 0.694298
TimingsLogPpmz, 47, 5, 1.669504
TimingsLogPpmz, 48, 0, 0.016724
TimingsLogPpmz, 49, 1, 0.027328
TimingsLogPpmz, 50, 2, 0.043724
TimingsLogPpmz, 51, 3, 0.084073
TimingsLogPpmz, 52, 4, 0.635147
TimingsLogPpmz, 53, 5, 1.500006
TimingsLogPpmz, 54, 0, 0.016765
TimingsLogPpmz, 55, 1, 0.028326
TimingsLogPpmz, 56, 2, 0.043951
TimingsLogPpmz, 57, 3, 0.083904
TimingsLogPpmz, 58, 4, 0.623956
TimingsLogPpmz, 59, 5, 1.479539
TimingsLogPpmz, 60, 0, 0.018514
TimingsLogPpmz, 61, 1, 0.033038
TimingsLogPpmz, 62, 2, 0.053212
TimingsLogPpmz, 63, 3, 0.105701
TimingsLogPpmz, 64, 4, 0.793170
TimingsLogPpmz, 65, 5, 1.841232
TimingsLogPpmz, 66, 0, 0.018798
TimingsLogPpmz, 67, 1, 0.029801
TimingsLogPpmz, 68, 2, 0.048233
TimingsLogPpmz, 69, 3, 0.091693
TimingsLogPpmz, 70, 4, 0.679808
TimingsLogPpmz, 71, 5, 1.630358
TimingsLogPpmz, 72, 0, 0.019044
TimingsLogPpmz, 73, 1, 0.028885
TimingsLogPpmz, 74, 2, 0.043592
TimingsLogPpmz, 75, 3, 0.077992
TimingsLogPpmz, 76, 4, 0.563810
TimingsLogPpmz, 77, 5, 1.342417
TimingsLogPpmz, 78, 0, 0.020599
TimingsLogPpmz, 79, 1, 0.029880
TimingsLogPpmz, 80, 2, 0.044855
TimingsLogPpmz, 81, 3, 0.081777
TimingsLogPpmz, 82, 4, 0.523872
TimingsLogPpmz, 83, 5, 1.240643
TimingsLogPpmz, 84, 0, 0.020956
TimingsLogPpmz, 85, 1, 0.029283
TimingsLogPpmz, 86, 2, 0.044074
TimingsLogPpmz, 87, 3, 0.077971
TimingsLogPpmz, 88, 4, 0.529469
TimingsLogPpmz, 89, 5, 1.274120
TimingsLogPpmz, 90, 0, 0.022536
TimingsLogPpmz, 91, 1, 0.031527
TimingsLogPpmz, 92, 2, 0.042888
TimingsLogPpmz, 93, 3, 0.074333
TimingsLogPpmz, 94, 4, 0.487387
TimingsLogPpmz, 95, 5, 1.160035
TimingsLogPpmz, 96, 0, 0.023033
TimingsLogPpmz, 97, 1, 0.032484
TimingsLogPpmz, 98, 2, 0.044516
TimingsLogPpmz, 99, 3, 0.077222
TimingsLogPpmz, 100, 4, 0.506773
TimingsLogPpmz, 101, 5, 1.208559
TimingsLogPpmz, 102, 0, 0.022596
TimingsLogPpmz, 103, 1, 0.032723
TimingsLogPpmz, 104, 2, 0.045704
TimingsLogPpmz, 105, 3, 0.079231
TimingsLogPpmz, 106, 4, 0.526418
TimingsLogPpmz, 107, 5, 1.250242
TimingsLogPpmz, 108, 0, 0.025016
TimingsLogPpmz, 109, 1, 0.034759
TimingsLogPpmz, 110, 2, 0.051141
TimingsLogPpmz, 111, 3, 0.089609
TimingsLogPpmz, 112, 4, 0.625529
TimingsLogPpmz, 113, 5, 1.485839
TimingsLogPpmz, 114, 0, 0.025052
TimingsLogPpmz, 115, 1, 0.035306
TimingsLogPpmz, 116, 2, 0.048120
TimingsLogPpmz, 117, 3, 0.080138
TimingsLogPpmz, 118, 4, 0.502246
TimingsLogPpmz, 119, 5, 1.198638
TimingsLogPpmz, 120, 0, 0.026240
TimingsLogPpmz, 121, 1, 0.039851
TimingsLogPpmz, 122, 2, 0.060242
TimingsLogPpmz, 123, 3, 0.112755
TimingsLogPpmz, 124, 4, 0.818815
TimingsLogPpmz, 125, 5, 1.888094
TimingsLogPpmz, 126, 0, 0.026353
TimingsLogPpmz, 127, 1, 0.036395
TimingsLogPpmz, 128, 2, 0.051029
TimingsLogPpmz, 129, 3, 0.085771
TimingsLogPpmz, 130, 4, 0.561083
TimingsLogPpmz, 131, 5, 1.337424
TimingsLogPpmz, 132, 0, 0.027932
TimingsLogPpmz, 133, 1, 0.040377
TimingsLogPpmz, 134, 2, 0.058177
TimingsLogPpmz, 135, 3, 0.103789
TimingsLogPpmz, 136, 4, 0.719035
TimingsLogPpmz, 137, 5, 1.682628
TimingsLogPpmz, 138, 0, 0.029340
TimingsLogPpmz, 139, 1, 0.042398
TimingsLogPpmz, 140, 2, 0.065206
TimingsLogPpmz, 141, 3, 0.121428
TimingsLogPpmz, 142, 4, 0.851796
TimingsLogPpmz, 143, 5, 1.995338
TimingsLogPpmz, 144, 0, 0.030299
TimingsLogPpmz, 145, 1, 0.041742
TimingsLogPpmz, 146, 2, 0.059365
TimingsLogPpmz, 147, 3, 0.104932
TimingsLogPpmz, 148, 4, 0.721052
TimingsLogPpmz, 149, 5, 1.666675
TimingsLogPpmz, 150, 0, 0.029701
TimingsLogPpmz, 151, 1, 0.038016
TimingsLogPpmz, 152, 2, 0.051667
TimingsLogPpmz, 153, 3, 0.083812
TimingsLogPpmz, 154, 4, 0.490439
TimingsLogPpmz, 155, 5, 1.169015
TimingsLogPpmz, 156, 0, 0.031945
TimingsLogPpmz, 157, 1, 0.044745
TimingsLogPpmz, 158, 2, 0.064829
TimingsLogPpmz, 159, 3, 0.115515
TimingsLogPpmz, 160, 4, 0.785421
TimingsLogPpmz, 161, 5, 1.832624
TimingsLogPpmz, 162, 0, 0.032381
TimingsLogPpmz, 163, 1, 0.045579
TimingsLogPpmz, 164, 2, 0.064978
TimingsLogPpmz, 165, 3, 0.116061
TimingsLogPpmz, 166, 4, 0.778003
TimingsLogPpmz, 167, 5, 1.826408
TimingsLogPpmz, 168, 0, 0.032042
TimingsLogPpmz, 169, 1, 0.041800
TimingsLogPpmz, 170, 2, 0.057142
TimingsLogPpmz, 171, 3, 0.091824
TimingsLogPpmz, 172, 4, 0.556016
TimingsLogPpmz, 173, 5, 1.314336
TimingsLogPpmz, 174, 0, 0.033798
TimingsLogPpmz, 175, 1, 0.045715
TimingsLogPpmz, 176, 2, 0.062124
TimingsLogPpmz, 177, 3, 0.104027
TimingsLogPpmz, 178, 4, 0.687338
TimingsLogPpmz, 179, 5, 1.616891
TimingsLogPpmz, 180, 0, 0.035038
TimingsLogPpmz, 181, 1, 0.045412
TimingsLogPpmz, 182, 2, 0.063656
TimingsLogPpmz, 183, 3, 0.106790
TimingsLogPpmz, 184, 4, 0.702051
TimingsLogPpmz, 185, 5, 1.665395
TimingsLogPpmz, 186, 0, 0.035204
TimingsLogPpmz, 187, 1, 0.047337
TimingsLogPpmz, 188, 2, 0.065309
TimingsLogPpmz, 189, 3, 0.107450
TimingsLogPpmz, 190, 4, 0.704391
TimingsLogPpmz, 191, 5, 1.648047
TimingsLogPpmz, 192, 0, 0.035393
TimingsLogPpmz, 193, 1, 0.044047
TimingsLogPpmz, 194, 2, 0.056883
TimingsLogPpmz, 195, 3, 0.088276
TimingsLogPpmz, 196, 4, 0.495675
TimingsLogPpmz, 197, 5, 1.171483
TimingsLogPpmz, 198, 0, 0.036485
TimingsLogPpmz, 199, 1, 0.049991
TimingsLogPpmz, 200, 2, 0.069319
TimingsLogPpmz, 201, 3, 0.116081
TimingsLogPpmz, 202, 4, 0.752486
TimingsLogPpmz, 203, 5, 1.749294
TimingsLogPpmz, 204, 0, 0.038021
TimingsLogPpmz, 205, 1, 0.047341
TimingsLogPpmz, 206, 2, 0.061686
TimingsLogPpmz, 207, 3, 0.096517
TimingsLogPpmz, 208, 4, 0.567369
TimingsLogPpmz, 209, 5, 1.333645
TimingsLogPpmz, 210, 0, 0.038190
TimingsLogPpmz, 211, 1, 0.047596
TimingsLogPpmz, 212, 2, 0.060261
TimingsLogPpmz, 213, 3, 0.091652
TimingsLogPpmz, 214, 4, 0.506393
TimingsLogPpmz, 215, 5, 1.185579
TimingsLogPpmz, 216, 0, 0.039245
TimingsLogPpmz, 217, 1, 0.050856
TimingsLogPpmz, 218, 2, 0.069787
TimingsLogPpmz, 219, 3, 0.109707
TimingsLogPpmz, 220, 4, 0.682525
TimingsLogPpmz, 221, 5, 1.611559
TimingsLogPpmz, 222, 0, 0.040122
TimingsLogPpmz, 223, 1, 0.049775
TimingsLogPpmz, 224, 2, 0.065435
TimingsLogPpmz, 225, 3, 0.100735
TimingsLogPpmz, 226, 4, 0.576350
TimingsLogPpmz, 227, 5, 1.347129
TimingsLogPpmz, 228, 0, 0.040738
TimingsLogPpmz, 229, 1, 0.054836
TimingsLogPpmz, 230, 2, 0.070567
TimingsLogPpmz, 231, 3, 0.122753
TimingsLogPpmz, 232, 4, 0.620893
TimingsLogPpmz, 233, 5, 1.365331
TimingsLogPpmz, 234, 0, 0.041428
TimingsLogPpmz, 235, 1, 0.051107
TimingsLogPpmz, 236, 2, 0.064767
TimingsLogPpmz, 237, 3, 0.097870
TimingsLogPpmz, 238, 4, 0.541111
TimingsLogPpmz, 239, 5, 1.265443
TimingsLogPpmz, 240, 0, 0.042453
TimingsLogPpmz, 241, 1, 0.052354
TimingsLogPpmz, 242, 2, 0.065211
TimingsLogPpmz, 243, 3, 0.097600
TimingsLogPpmz, 244, 4, 0.515064
TimingsLogPpmz, 245, 5, 1.178991
TimingsLogPpmz, 246, 0, 0.044385
TimingsLogPpmz, 247, 1, 0.056603
TimingsLogPpmz, 248, 2, 0.075656
TimingsLogPpmz, 249, 3, 0.121689
TimingsLogPpmz, 250, 4, 0.759992
TimingsLogPpmz, 251, 5, 1.767241
TimingsLogPpmz, 252, 0, 0.044471
TimingsLogPpmz, 253, 1, 0.053963
TimingsLogPpmz, 254, 2, 0.068212
TimingsLogPpmz, 255, 3, 0.102734
TimingsLogPpmz, 256, 4, 0.559506
TimingsLogPpmz, 257, 5, 1.298923
TimingsLogPpmz, 258, 0, 0.045542
TimingsLogPpmz, 259, 1, 0.055220
TimingsLogPpmz, 260, 2, 0.068938
TimingsLogPpmz, 261, 3, 0.102188
TimingsLogPpmz, 262, 4, 0.551809
TimingsLogPpmz, 263, 5, 1.294258
TimingsLogPpmz, 264, 0, 0.047517
TimingsLogPpmz, 265, 1, 0.061249
TimingsLogPpmz, 266, 2, 0.082908
TimingsLogPpmz, 267, 3, 0.137633
TimingsLogPpmz, 268, 4, 0.849975
TimingsLogPpmz, 269, 5, 1.958294
TimingsLogPpmz, 270, 0, 0.047349
TimingsLogPpmz, 271, 1, 0.057918
TimingsLogPpmz, 272, 2, 0.072633
TimingsLogPpmz, 273, 3, 0.108650
TimingsLogPpmz, 274, 4, 0.594265
TimingsLogPpmz, 275, 5, 1.387443
TimingsLogPpmz, 276, 0, 0.048688
TimingsLogPpmz, 277, 1, 0.061197
TimingsLogPpmz, 278, 2, 0.078252
TimingsLogPpmz, 279, 3, 0.121129
TimingsLogPpmz, 280, 4, 0.706396
TimingsLogPpmz, 281, 5, 1.640419
TimingsLogPpmz, 282, 0, 0.049992
TimingsLogPpmz, 283, 1, 0.063903
TimingsLogPpmz, 284, 2, 0.084477
TimingsLogPpmz, 285, 3, 0.136849
TimingsLogPpmz, 286, 4, 0.833042
TimingsLogPpmz, 287, 5, 1.901564
TimingsLogPpmz, 288, 0, 0.051362
TimingsLogPpmz, 289, 1, 0.064316
TimingsLogPpmz, 290, 2, 0.084287
TimingsLogPpmz, 291, 3, 0.134859
TimingsLogPpmz, 292, 4, 0.807277
TimingsLogPpmz, 293, 5, 1.848412
TimingsLogPpmz, 294, 0, 0.052076
TimingsLogPpmz, 295, 1, 0.065381
TimingsLogPpmz, 296, 2, 0.085789
TimingsLogPpmz, 297, 3, 0.138661
TimingsLogPpmz, 298, 4, 0.825763
TimingsLogPpmz, 299, 5, 1.897538
